,fiscalDateEnding,ticker,operatingIncome,ebit,incomeBeforeTax,incomeTaxExpense,netIncome,nonOperatingItems,netInterest
0,2005-03-31,AAPL,402000000,402000000,435000000,145000000,290000000,-33000000.0,-33000000.0
1,2005-06-30,AAPL,426000000,426000000,472000000,153000000,319000000,-46000000.0,-46000000.0
2,2005-09-30,AAPL,418000000,418000000,478000000,48000000,430000000,-60000000.0,-60000000.0
3,2005-12-31,AAPL,750000000,750000000,831000000,266000000,565000000,-81000000.0,-81000000.0
4,2006-03-31,AAPL,529000000,529000000,605000000,195000000,410000000,-76000000.0,-76000000.0
5,2006-06-30,AAPL,566000000,566000000,661000000,189000000,472000000,0.0,0.0
6,2006-09-30,AAPL,608000000,661000000,721000000,179000000,542000000,-252000000.0,-252000000.0
7,2006-12-31,AAPL,1322000000,1322000000,1448000000,444000000,1004000000,-126000000.0,-126000000.0
8,2007-03-31,AAPL,986000000,986000000,1134000000,364000000,770000000,-148000000.0,-148000000.0
9,2007-06-30,AAPL,1041000000,1041000000,1196000000,378000000,818000000,-155000000.0,-155000000.0
10,2007-09-30,AAPL,1060000000,1060000000,1230000000,326000000,904000000,-170000000.0,-170000000.0
11,2007-12-31,AAPL,2126000000,2126000000,2326000000,745000000,1581000000,-200000000.0,-200000000.0
12,2008-03-31,AAPL,1315000000,1315000000,1477000000,432000000,1045000000,-162000000.0,-162000000.0
13,2008-06-30,AAPL,1392000000,1392000000,1510000000,438000000,1072000000,-118000000.0,-118000000.0
14,2008-09-30,AAPL,1442000000,1442000000,1582000000,446000000,1136000000,-140000000.0,-140000000.0
15,2008-12-31,AAPL,3101000000,3101000000,3259000000,1004000000,2255000000,-158000000.0,-158000000.0
16,2009-03-31,AAPL,2323000000,2323000000,2386000000,766000000,1620000000,-63000000.0,-63000000.0
17,2009-06-30,AAPL,2632000000,2632000000,2692000000,864000000,1828000000,-176000000.0,-236000000.0
18,2009-09-30,AAPL,2193000000,2193000000,2238000000,573000000,1665000000,-45000000.0,-45000000.0
19,2009-12-31,AAPL,4725000000,4725000000,4758000000,1380000000,3378000000,0.0,-33000000.0
20,2010-03-31,AAPL,3979000000,3979000000,4029000000,955000000,3074000000,-216000000.0,-266000000.0
21,2010-06-30,AAPL,4234000000,4234000000,4292000000,1039000000,3253000000,0.0,-58000000.0
22,2010-09-30,AAPL,5447000000,5447000000,5461000000,1153000000,4308000000,0.0,-14000000.0
23,2010-12-31,AAPL,7827000000,7827000000,7963000000,1959000000,6004000000,0.0,-136000000.0
24,2011-03-31,AAPL,7874000000,7874000000,7900000000,1913000000,5987000000,0.0,-26000000.0
25,2011-06-30,AAPL,9379000000,9379000000,9551000000,2243000000,7308000000,0.0,-172000000.0
26,2011-09-30,AAPL,8710000000,8710000000,8791000000,2168000000,6623000000,0.0,-81000000.0
27,2011-12-31,AAPL,17340000000,17340000000,17477000000,4413000000,13064000000,0.0,-137000000.0
28,2012-03-31,AAPL,15384000000,15384000000,15532000000,3910000000,11622000000,0.0,-148000000.0
29,2012-06-30,AAPL,11573000000,11861000000,11861000000,3037000000,8824000000,0.0,-288000000.0
30,2012-09-30,AAPL,10944000000,10944000000,10893000000,2670000000,8223000000,-102000000.0,-51000000.0
31,2012-12-31,AAPL,17210000000,17672000000,17672000000,4594000000,13078000000,0.0,-462000000.0
32,2013-03-31,AAPL,12558000000,12905000000,12905000000,3358000000,9547000000,0.0,-347000000.0
33,2013-06-30,AAPL,9201000000,9488000000,9435000000,2535000000,6900000000,181000000.0,-53000000.0
34,2013-09-30,AAPL,10030000000,10030000000,10143000000,2631000000,7512000000,30000000.0,-83000000.0
35,2013-12-31,AAPL,17463000000,17463000000,17709000000,4637000000,13072000000,162000000.0,-84000000.0
36,2014-03-31,AAPL,13593000000,13593000000,13818000000,3595000000,10223000000,140000000.0,-85000000.0
37,2014-06-30,AAPL,10282000000,10282000000,10484000000,2736000000,7748000000,102000000.0,-100000000.0
38,2014-09-30,AAPL,11165000000,11165000000,11472000000,3005000000,8467000000,192000000.0,-115000000.0
39,2014-12-31,AAPL,24246000000,24246000000,24416000000,6392000000,18024000000,39000000.0,-131000000.0
40,2015-03-31,AAPL,18278000000,18278000000,18564000000,4995000000,13569000000,123000000.0,-163000000.0
41,2015-06-30,AAPL,14083000000,14083000000,14473000000,3796000000,10677000000,189000000.0,-201000000.0
42,2015-09-30,AAPL,14623000000,14623000000,15062000000,3938000000,11124000000,201000000.0,-238000000.0
43,2015-12-31,AAPL,24171000000,24171000000,24573000000,6212000000,18361000000,126000000.0,-276000000.0
44,2016-03-31,AAPL,13987000000,13987000000,14142000000,3626000000,10516000000,-166000000.0,-321000000.0
45,2016-06-30,AAPL,10105000000,10105000000,10469000000,2673000000,7796000000,-45000000.0,-409000000.0
46,2016-09-30,AAPL,11761000000,12638000000,12188000000,3174000000,9014000000,-23000000.0,-450000000.0
47,2016-12-31,AAPL,23359000000,23359000000,24180000000,6289000000,17891000000,296000000.0,-525000000.0
48,2017-03-31,AAPL,14097000000,14097000000,14684000000,3655000000,11029000000,57000000.0,-530000000.0
49,2017-06-30,AAPL,10768000000,10768000000,11308000000,2591000000,8717000000,-62000000.0,-602000000.0
50,2017-09-30,AAPL,13120000000,14583000000,13917000000,3203000000,10714000000,131000000.0,-666000000.0
51,2017-12-31,AAPL,26274000000,26274000000,27030000000,6965000000,20065000000,22000000.0,-734000000.0
52,2018-03-31,AAPL,15894000000,16960000000,16168000000,2346000000,13822000000,-518000000.0,-792000000.0
53,2018-06-30,AAPL,12612000000,12612000000,13284000000,1765000000,11519000000,-174000000.0,-846000000.0
54,2018-09-30,AAPL,16118000000,17289000000,16421000000,2296000000,14125000000,-565000000.0,-868000000.0
55,2018-12-31,AAPL,23346000000,24796000000,23906000000,3941000000,19965000000,-330000000.0,-890000000.0
56,2019-03-31,AAPL,13415000000,14803000000,13793000000,2232000000,11561000000,726000000.0,348000000.0
57,2019-06-30,AAPL,11544000000,12777000000,11911000000,1867000000,10044000000,691000000.0,324000000.0
58,2019-09-30,AAPL,15625000000,15690000000,16127000000,2441000000,13686000000,798000000.0,296000000.0
59,2019-12-31,AAPL,25569000000,26703000000,25918000000,3682000000,22236000000,609000000.0,260000000.0
60,2020-03-31,AAPL,12853000000,13892000000,13135000000,1886000000,11249000000,574000000.0,292000000.0
61,2020-06-30,AAPL,13091000000,13834000000,13137000000,1884000000,11253000000,250000000.0,204000000.0
62,2020-09-30,AAPL,14775000000,15535000000,14901000000,2228000000,12673000000,-374000000.0,134000000.0
63,2020-12-31,AAPL,33534000000,34217000000,33579000000,4824000000,28755000000,154000000.0,109000000.0
64,2021-03-31,AAPL,27503000000,28681000000,28011000000,4381000000,23630000000,556000000.0,48000000.0
65,2021-06-30,AAPL,24126000000,25034000000,24369000000,2625000000,21744000000,297000000.0,54000000.0
66,2021-09-30,AAPL,23786000000,23920000000,23248000000,2697000000,20551000000,525000000.0,-13000000.0
67,2021-12-31,AAPL,41488000000,41935000000,41241000000,6611000000,34630000000,203000000.0,-44000000.0
68,2022-03-31,AAPL,29979000000,30830000000,30139000000,5129000000,25010000000,169000000.0,9000000.0
69,2022-06-30,AAPL,23076000000,23785000000,23066000000,3624000000,19442000000,13000000.0,3000000.0
70,2022-09-30,AAPL,24894000000,25484000000,24657000000,3936000000,20721000000,163000000.0,-74000000.0
71,2022-12-31,AAPL,36016000000,36016000000,35623000000,5625000000,29998000000,-528000000.0,-135000000.0
72,2023-03-31,AAPL,28318000000,28318000000,28382000000,4222000000,24160000000,52000000.0,-12000000.0
73,2023-06-30,AAPL,22998000000,22998000000,22733000000,2852000000,19881000000,-283000000.0,-18000000.0
74,2023-09-30,AAPL,26969000000,26969000000,26998000000,4042000000,22956000000,547000000.0,-18000000.0
75,2023-12-31,AAPL,40373000000,40373000000,40323000000,6407000000,33916000000,-1002000000.0,-1002000000.0
76,2024-03-31,AAPL,27900000000,27900000000,28058000000,4422000000,23636000000,0.0,0.0
77,2024-06-30,AAPL,25352000000,25352000000,25494000000,4046000000,21448000000,0.0,0.0
78,2024-09-30,AAPL,29591000000,29591000000,29610000000,14874000000,14736000000,0.0,0.0
79,2024-12-31,AAPL,42832000000,42832000000,42584000000,6254000000,36330000000,0.0,0.0
80,2025-03-31,AAPL,29589000000,29589000000,29310000000,4530000000,24780000000,0.0,0.0
81,2005-03-31,AMZN,108000000,108000000,108000000,56000000,52000000,-26000000.0,-26000000.0
82,2005-06-30,AMZN,104000000,104000000,108000000,56000000,52000000,-22000000.0,-22000000.0
83,2005-09-30,AMZN,55000000,55000000,51000000,21000000,30000000,-22000000.0,-22000000.0
84,2005-12-31,AMZN,165000000,165000000,161000000,-38000000,173000000,-22000000.0,-22000000.0
85,2006-03-31,AMZN,106000000,106000000,96000000,45000000,51000000,-21000000.0,-21000000.0
86,2006-06-30,AMZN,47000000,47000000,54000000,32000000,22000000,-19000000.0,-19000000.0
87,2006-09-30,AMZN,40000000,40000000,38000000,19000000,19000000,-21000000.0,-21000000.0
88,2006-12-31,AMZN,197000000,197000000,188000000,91000000,97000000,-20000000.0,-20000000.0
89,2007-03-31,AMZN,145000000,145000000,144000000,33000000,111000000,-19000000.0,-19000000.0
90,2007-06-30,AMZN,116000000,116000000,111000000,33000000,78000000,-19000000.0,-19000000.0
91,2007-09-30,AMZN,123000000,123000000,124000000,44000000,80000000,-19000000.0,-19000000.0
92,2007-12-31,AMZN,271000000,271000000,281000000,74000000,207000000,-20000000.0,-20000000.0
93,2008-03-31,AMZN,198000000,198000000,207000000,62000000,143000000,-22000000.0,-22000000.0
94,2008-06-30,AMZN,217000000,217000000,208000000,46000000,158000000,-21000000.0,-21000000.0
95,2008-09-30,AMZN,154000000,154000000,182000000,59000000,118000000,-17000000.0,-17000000.0
96,2008-12-31,AMZN,273000000,273000000,303000000,80000000,225000000,-11000000.0,-11000000.0
97,2009-03-31,AMZN,244000000,244000000,248000000,69000000,177000000,-12000000.0,-12000000.0
98,2009-06-30,AMZN,159000000,159000000,179000000,39000000,142000000,22000000.0,-7000000.0
99,2009-09-30,AMZN,251000000,251000000,262000000,60000000,199000000,8000000.0,-7000000.0
100,2009-12-31,AMZN,476000000,476000000,471000000,85000000,384000000,-8000000.0,-8000000.0
101,2010-03-31,AMZN,394000000,394000000,401000000,100000000,299000000,5000000.0,-7000000.0
102,2010-06-30,AMZN,270000000,270000000,297000000,88000000,207000000,25000000.0,-9000000.0
103,2010-09-30,AMZN,268000000,268000000,292000000,79000000,231000000,42000000.0,-11000000.0
104,2010-12-31,AMZN,474000000,474000000,506000000,84000000,416000000,27000000.0,-11000000.0
105,2011-03-31,AMZN,322000000,322000000,307000000,89000000,201000000,-32000000.0,-12000000.0
106,2011-06-30,AMZN,201000000,201000000,225000000,49000000,191000000,39000000.0,-15000000.0
107,2011-09-30,AMZN,79000000,79000000,130000000,67000000,63000000,51000000.0,-17000000.0
108,2011-12-31,AMZN,260000000,260000000,273000000,86000000,177000000,3000000.0,-20000000.0
109,2012-03-31,AMZN,192000000,192000000,84000000,43000000,130000000,-19000000.0,-21000000.0
110,2012-06-30,AMZN,107000000,107000000,146000000,109000000,7000000,9000000.0,-21000000.0
111,2012-09-30,AMZN,-28000000,-28000000,-191000000,83000000,-274000000,-163000000.0,-22000000.0
112,2012-12-31,AMZN,405000000,405000000,292000000,194000000,98000000,-114000000.0,-28000000.0
113,2013-03-31,AMZN,181000000,181000000,64000000,18000000,82000000,-117000000.0,-33000000.0
114,2013-06-30,AMZN,79000000,79000000,6000000,13000000,-7000000,-73000000.0,-33000000.0
115,2013-09-30,AMZN,-25000000,-25000000,-53000000,12000000,-41000000,-28000000.0,-36000000.0
116,2013-12-31,AMZN,510000000,510000000,419000000,179000000,240000000,-92000000.0,-39000000.0
117,2014-03-31,AMZN,146000000,146000000,181000000,73000000,108000000,35000000.0,-42000000.0
118,2014-06-30,AMZN,-15000000,-15000000,-32000000,94000000,-126000000,-17000000.0,-45000000.0
119,2014-09-30,AMZN,-544000000,-544000000,-642000000,205000000,-437000000,-98000000.0,-49000000.0
120,2014-12-31,AMZN,590000000,590000000,419000000,205000000,214000000,-172000000.0,-74000000.0
121,2015-03-31,AMZN,255000000,255000000,14000000,71000000,-57000000,-241000000.0,-115000000.0
122,2015-06-30,AMZN,464000000,464000000,358000000,266000000,92000000,-106000000.0,-114000000.0
123,2015-09-30,AMZN,406000000,406000000,240000000,161000000,79000000,-166000000.0,-116000000.0
124,2015-12-31,AMZN,1109000000,1109000000,934000000,452000000,482000000,-175000000.0,-115000000.0
125,2016-03-31,AMZN,1071000000,1071000000,988000000,475000000,513000000,-83000000.0,-117000000.0
126,2016-06-30,AMZN,1285000000,1285000000,1164000000,307000000,857000000,-121000000.0,-116000000.0
127,2016-09-30,AMZN,575000000,575000000,481000000,229000000,252000000,-94000000.0,-118000000.0
128,2016-12-31,AMZN,1255000000,1255000000,1166000000,414000000,749000000,-92000000.0,-133000000.0
129,2017-03-31,AMZN,1005000000,1005000000,953000000,229000000,724000000,-52000000.0,-139000000.0
130,2017-06-30,AMZN,628000000,628000000,664000000,467000000,197000000,36000000.0,-143000000.0
131,2017-09-30,AMZN,347000000,347000000,314000000,58000000,256000000,-33000000.0,-228000000.0
132,2017-12-31,AMZN,2127000000,2127000000,1872000000,16000000,1856000000,-256000000.0,-339000000.0
133,2018-03-31,AMZN,1927000000,1927000000,1916000000,287000000,1629000000,-11000000.0,-330000000.0
134,2018-06-30,AMZN,2983000000,2983000000,2608000000,74000000,2534000000,-375000000.0,-343000000.0
135,2018-09-30,AMZN,3724000000,3724000000,3391000000,508000000,2883000000,-333000000.0,-358000000.0
136,2018-12-31,AMZN,3786000000,3786000000,3350000000,327000000,3027000000,-433000000.0,-387000000.0
137,2019-03-31,AMZN,4420000000,4420000000,4397000000,836000000,3561000000,160000000.0,-183000000.0
138,2019-06-30,AMZN,3084000000,3084000000,2882000000,257000000,2625000000,13000000.0,-168000000.0
139,2019-09-30,AMZN,3020000000,3020000000,2628000000,494000000,2134000000,-305000000.0,-172000000.0
140,2019-12-31,AMZN,3880000000,3880000000,4054000000,787000000,3268000000,386000000.0,-244000000.0
141,2020-03-31,AMZN,3989000000,3989000000,3279000000,744000000,2535000000,-508000000.0,-200000000.0
142,2020-06-30,AMZN,5843000000,5843000000,6227000000,984000000,5243000000,519000000.0,-268000000.0
143,2020-09-30,AMZN,6194000000,6194000000,6900000000,569000000,6331000000,824000000.0,-310000000.0
144,2020-12-31,AMZN,6873000000,6873000000,7765000000,566000000,7222000000,1015000000.0,-314000000.0
145,2021-03-31,AMZN,8865000000,8865000000,10263000000,2156000000,8107000000,1503000000.0,-294000000.0
146,2021-06-30,AMZN,7702000000,7702000000,8646000000,868000000,7778000000,1050000000.0,-329000000.0
147,2021-09-30,AMZN,4852000000,4852000000,4311000000,1155000000,3156000000,-422000000.0,-374000000.0
148,2021-12-31,AMZN,3460000000,3460000000,14934000000,612000000,14323000000,11593000000.0,-364000000.0
149,2022-03-31,AMZN,3669000000,3669000000,-5266000000,-1422000000,-3844000000,-8827000000.0,-364000000.0
150,2022-06-30,AMZN,3317000000,3317000000,-2665000000,637000000,-2028000000,-5823000000.0,-425000000.0
151,2022-09-30,AMZN,2525000000,2525000000,2941000000,69000000,2872000000,693000000.0,-340000000.0
152,2022-12-31,AMZN,2547000000,2547000000,-962000000,-1227000000,278000000,-3241000000.0,-249000000.0
153,2023-03-31,AMZN,4774000000,4774000000,4120000000,948000000,3172000000,-43000000.0,-212000000.0
154,2023-06-30,AMZN,7681000000,7681000000,7554000000,804000000,6750000000,534000000.0,-179000000.0
155,2023-09-30,AMZN,11188000000,11188000000,12189000000,2306000000,9879000000,266000000.0,-30000000.0
156,2023-12-31,AMZN,13209000000,13209000000,13686000000,3062000000,10624000000,188000000.0,188000000.0
157,2024-03-31,AMZN,15307000000,15307000000,12898000000,2467000000,10431000000,349000000.0,349000000.0
158,2024-06-30,AMZN,14769000000,14769000000,15245000000,1767000000,13485000000,-589000000.0,-589000000.0
159,2024-09-30,AMZN,17411000000,18640000000,18037000000,2706000000,15328000000,653000000.0,653000000.0
160,2024-12-31,AMZN,21203000000,22919000000,22349000000,2325000000,20004000000,678000000.0,678000000.0
161,2025-03-31,AMZN,18405000000,22220000000,21679000000,4553000000,17127000000,525000000.0,525000000.0
162,2005-03-31,BRK-B,1832000000,1832000000,1973000000,600000000,1363000000,-166000000.0,-166000000.0
163,2005-06-30,BRK-B,2054000000,222000000,2154000000,691000000,1449000000,-195000000.0,-195000000.0
164,2005-09-30,BRK-B,694000000,2526000000,835000000,232000000,586000000,-193000000.0,-193000000.0
165,2005-12-31,BRK-B,7688000000,7688000000,7829000000,2636000000,5130000000,-169000000.0,-169000000.0
166,2006-03-31,BRK-B,3613000000,3613000000,3613000000,1242000000,2313000000,-362000000.0,-362000000.0
167,2006-06-30,BRK-B,3602000000,3602000000,3602000000,1208000000,2347000000,-446000000.0,-446000000.0
168,2006-09-30,BRK-B,4301000000,4301000000,4301000000,1451000000,2772000000,-463000000.0,-463000000.0
169,2006-12-31,BRK-B,5262000000,-4734000000,5262000000,1604000000,3583000000,-453000000.0,-453000000.0
170,2007-03-31,BRK-B,4072000000,4072000000,4072000000,1388000000,2595000000,-463000000.0,-463000000.0
171,2007-06-30,BRK-B,4816000000,4816000000,4816000000,1617000000,3118000000,-469000000.0,-469000000.0
172,2007-09-30,BRK-B,6847000000,6847000000,6847000000,2197000000,4553000000,-481000000.0,-481000000.0
173,2007-12-31,BRK-B,4426000000,-6028000000,4426000000,1392000000,2947000000,-497000000.0,-497000000.0
174,2008-03-31,BRK-B,1453000000,1453000000,1453000000,408000000,940000000,-476000000.0,-476000000.0
175,2008-06-30,BRK-B,4471000000,4471000000,4471000000,1443000000,2880000000,-493000000.0,-493000000.0
176,2008-09-30,BRK-B,1502000000,1502000000,1502000000,294000000,1057000000,-514000000.0,-514000000.0
177,2008-12-31,BRK-B,148000000,-6141000000,148000000,-167000000,117000000,-480000000.0,-480000000.0
178,2009-03-31,BRK-B,-2543000000,-2055000000,-2543000000,-1014000000,-1534000000,-488000000.0,-488000000.0
179,2009-06-30,BRK-B,4791000000,5301000000,4791000000,1520000000,3295000000,-510000000.0,-510000000.0
180,2009-09-30,BRK-B,4839000000,5333000000,4839000000,1601000000,3238000000,-494000000.0,-494000000.0
181,2009-12-31,BRK-B,4465000000,4965000000,4465000000,1431000000,3056000000,-500000000.0,-500000000.0
182,2010-03-31,BRK-B,5098000000,5691000000,5098000000,1336000000,3633000000,-593000000.0,-593000000.0
183,2010-06-30,BRK-B,2938000000,3575000000,2938000000,848000000,1968000000,-637000000.0,-637000000.0
184,2010-09-30,BRK-B,4534000000,5202000000,4534000000,1415000000,2989000000,-668000000.0,-668000000.0
185,2010-12-31,BRK-B,6481000000,7141000000,6481000000,2008000000,4377000000,-660000000.0,-660000000.0
186,2011-03-31,BRK-B,2234000000,2892000000,2234000000,629000000,1511000000,-658000000.0,-658000000.0
187,2011-06-30,BRK-B,5265000000,5927000000,5265000000,1725000000,3417000000,-662000000.0,-662000000.0
188,2011-09-30,BRK-B,3363000000,4032000000,3363000000,953000000,2278000000,-669000000.0,-669000000.0
189,2011-12-31,BRK-B,4452000000,5127000000,4452000000,1261000000,3048000000,-675000000.0,-675000000.0
190,2012-03-31,BRK-B,4931000000,5622000000,4931000000,1565000000,3245000000,-691000000.0,-691000000.0
191,2012-06-30,BRK-B,4615000000,5311000000,4615000000,1384000000,3108000000,-696000000.0,-696000000.0
192,2012-09-30,BRK-B,5936000000,6628000000,5936000000,1882000000,3920000000,-692000000.0,-692000000.0
193,2012-12-31,BRK-B,6754000000,7309000000,6754000000,2093000000,4551000000,-665000000.0,-665000000.0
194,2013-03-31,BRK-B,7295000000,7856000000,7295000000,2278000000,4892000000,-686000000.0,-686000000.0
195,2013-06-30,BRK-B,6891000000,7511000000,6891000000,2279000000,4541000000,-691000000.0,-691000000.0
196,2013-09-30,BRK-B,7378000000,7984000000,7378000000,2225000000,5053000000,-706000000.0,-706000000.0
197,2013-12-31,BRK-B,7232000000,7877000000,7232000000,2169000000,4990000000,-718000000.0,-718000000.0
198,2014-03-31,BRK-B,6598000000,7312000000,6598000000,1825000000,4705000000,-782000000.0,-782000000.0
199,2014-06-30,BRK-B,8916000000,9677000000,8916000000,2458000000,6395000000,-824000000.0,-824000000.0
200,2014-09-30,BRK-B,6750000000,7463000000,6750000000,2029000000,4617000000,-817000000.0,-817000000.0
201,2014-12-31,BRK-B,5841000000,6608000000,5841000000,1623000000,4155000000,-830000000.0,-830000000.0
202,2015-03-31,BRK-B,7647000000,8453000000,7647000000,2414000000,5164000000,-875000000.0,-875000000.0
203,2015-06-30,BRK-B,5846000000,6719000000,5846000000,1739000000,4013000000,-967000000.0,-967000000.0
204,2015-09-30,BRK-B,14072000000,14838000000,14072000000,4545000000,9428000000,-865000000.0,-865000000.0
205,2015-12-31,BRK-B,7381000000,8120000000,7381000000,1834000000,5478000000,-808000000.0,-808000000.0
206,2016-03-31,BRK-B,6456000000,7561000000,6456000000,799000000,5589000000,-1173000000.0,-1173000000.0
207,2016-06-30,BRK-B,7372000000,8018000000,7372000000,2290000000,5001000000,-727000000.0,-727000000.0
208,2016-09-30,BRK-B,10525000000,11433000000,10525000000,3192000000,7198000000,-1043000000.0,-1043000000.0
209,2016-12-31,BRK-B,9314000000,9799000000,9314000000,2959000000,6286000000,-554000000.0,-554000000.0
210,2017-03-31,BRK-B,5688000000,6676000000,5688000000,1549000000,4060000000,-828000000.0,-1067000000.0
211,2017-06-30,BRK-B,6129000000,7536000000,6129000000,1774000000,4262000000,-1191000000.0,-1500000000.0
212,2017-09-30,BRK-B,5630000000,6727000000,5630000000,1427000000,4067000000,-981000000.0,-1233000000.0
213,2017-12-31,BRK-B,6391000000,7880000000,6391000000,-26265000000,32551000000,-1594000000.0,-1594000000.0
214,2018-03-31,BRK-B,-1523000000,-398000000,-1523000000,-452000000,-1138000000,-8806000000.0,-1192000000.0
215,2018-06-30,BRK-B,15098000000,15553000000,15098000000,3021000000,12011000000,6168000000.0,-521000000.0
216,2018-09-30,BRK-B,23147000000,23876000000,23147000000,4440000000,18540000000,14126000000.0,-896000000.0
217,2018-12-31,BRK-B,-10266000000,-31478000000,-32721000000,-7330000000,-25392000000,-39963000000.0,-1244000000.0
218,2019-03-31,BRK-B,27647000000,28567000000,27647000000,5915000000,21661000000,21616000000.0,-991000000.0
219,2019-06-30,BRK-B,17759000000,18651000000,17759000000,3586000000,14073000000,11475000000.0,-992000000.0
220,2019-09-30,BRK-B,20489000000,21341000000,20489000000,3832000000,16524000000,13068000000.0,-985000000.0
221,2019-12-31,BRK-B,-35806000000,37723000000,36801000000,7571000000,29159000000,32903000000.0,-993000000.0
222,2020-03-31,BRK-B,7226000000,-62074000000,-63049000000,-13352000000,-49746000000,1552000000.0,-1024000000.0
223,2020-06-30,BRK-B,35409000000,36299000000,35409000000,9002000000,26295000000,891000000.0,-1002000000.0
224,2020-09-30,BRK-B,37930000000,38654000000,37930000000,7517000000,30137000000,717000000.0,-1000000000.0
225,2020-12-31,BRK-B,4657000000,46165000000,45403000000,9273000000,35835000000,892000000.0,-1057000000.0
226,2021-03-31,BRK-B,14528000000,15449000000,14528000000,2688000000,11711000000,6752000000.0,-1050000000.0
227,2021-06-30,BRK-B,35721000000,36466000000,35721000000,7296000000,28094000000,28363000000.0,-1076000000.0
228,2021-09-30,BRK-B,12484000000,13240000000,12484000000,1840000000,10344000000,9540000000.0,-1056000000.0
229,2021-12-31,BRK-B,-29589000000,49691000000,48953000000,9055000000,39646000000,41678000000.0,-990000000.0
230,2022-03-31,BRK-B,8790000000,7721000000,6812000000,1227000000,5460000000,-774000000.0,-1034000000.0
231,2022-06-30,BRK-B,11437000000,-54774000000,-55482000000,-12106000000,-43755000000,-64914000000.0,-1087000000.0
232,2022-09-30,BRK-B,9348000000,-3125000000,-4117000000,-1529000000,-2688000000,-1092000000.0,-1092000000.0
233,2022-12-31,BRK-B,90110000000,23193000000,22211000000,3890000000,18164000000,14139000000.0,-1139000000.0
234,2023-03-31,BRK-B,44752000000,45717000000,44752000000,8995000000,35504000000,69674000000.0,-1218000000.0
235,2023-06-30,BRK-B,45435000000,-21458000000,45435000000,9236000000,35912000000,2597000000.0,-1249000000.0
236,2023-09-30,BRK-B,12557000000,9347000000,-16959000000,-4392000000,-12767000000,28256000000.0,-1260000000.0
237,2023-12-31,BRK-B,46426000000,48214000000,46938000000,9180000000,37574000000,3163000000.0,-1276000000.0
238,2024-03-31,BRK-B,15213000000,17022000000,15706000000,2874000000,12702000000,2989000000.0,-1316000000.0
239,2024-06-30,BRK-B,37885000000,39367000000,38137000000,7639000000,30348000000,4019000000.0,-1230000000.0
240,2024-09-30,BRK-B,-42360000000,33722000000,32286000000,6028000000,26251000000,4682000000.0,-1214000000.0
241,2024-12-31,BRK-B,23151000000,25465000000,24025000000,4274000000,19694000000,4935000000.0,-1440000000.0
242,2025-03-31,BRK-B,5022000000,6405000000,5148000000,476000000,4603000000,4375000000.0,-1257000000.0
243,2005-03-31,GOOG,442770000,442770000,456456000,87263000,369193000,0.0,0.0
244,2005-06-30,GOOG,475698000,475698000,495420000,152606000,342814000,0.0,0.0
245,2005-09-30,GOOG,529171000,550356000,549968000,168786000,381182000,-388000.0,-388000.0
246,2005-12-31,GOOG,569639000,569639000,639833000,267625000,372208000,0.0,0.0
247,2006-03-31,GOOG,742699000,810626000,810618000,218327000,592291000,-8000.0,-8000.0
248,2006-06-30,GOOG,815372000,976354000,976177000,255100000,721077000,-177000.0,-177000.0
249,2006-09-30,GOOG,931331000,1039532000,1039511000,306150000,733361000,-21000.0,-21000.0
250,2006-12-31,GOOG,1060594000,723484000,1184734000,154017000,1030717000,0.0,0.0
251,2007-03-31,GOOG,1221209000,1352279000,1351937000,349775000,1002162000,-342000.0,-342000.0
252,2007-06-30,GOOG,1104615000,1104630000,1241745000,316625000,925120000,-244000.0,-244000.0
253,2007-09-30,GOOG,1317842000,1317891000,1472270000,402281000,1069989000,-446000.0,-446000.0
254,2007-12-31,GOOG,1440734000,1608198000,1608027000,401578000,1206449000,-171000.0,-171000.0
255,2008-03-31,GOOG,1546235000,1546192000,1713578000,406492000,1307086000,-387000.0,-387000.0
256,2008-06-30,GOOG,1577965000,1577953000,1635888000,388497000,1247391000,-88086000.0,-88086000.0
257,2008-09-30,GOOG,1647565000,1647574000,1668782000,378844000,1289938000,-90996000.0,-90996000.0
258,2008-12-31,GOOG,1860205000,1860251000,835347000,452905000,382442000,-88447000.0,-88447000.0
259,2009-03-31,GOOG,1884000000,1884000000,1890000000,467000000,1423000000,-66092000.0,-66092000.0
260,2009-06-30,GOOG,1874000000,1874000000,1856000000,371000000,1485000000,-50017000.0,-50017000.0
261,2009-09-30,GOOG,2074000000,2074000000,2067000000,428000000,1639000000,-46702000.0,-46702000.0
262,2009-12-31,GOOG,2480983000,2481021000,2568671000,594571000,1974100000,-66862000.0,-66862000.0
263,2010-03-31,GOOG,2488000000,2488000000,2506000000,551000000,1955000000,-95000000.0,-95000000.0
264,2010-06-30,GOOG,2365000000,2365000000,2434000000,594000000,1840000000,-136000000.0,-136000000.0
265,2010-09-30,GOOG,2547000000,2714000000,2714000000,547000000,2167000000,-172000000.0,-172000000.0
266,2010-12-31,GOOG,2982000000,2982000000,3142000000,599000000,2543000000,-176000000.0,-176000000.0
267,2011-03-31,GOOG,2296000000,2396000000,2392000000,594000000,1798000000,-4000000.0,-4000000.0
268,2011-06-30,GOOG,2881000000,3098000000,3085000000,580000000,2505000000,-13000000.0,-13000000.0
269,2011-09-30,GOOG,3058000000,3381000000,3360000000,631000000,2729000000,-21000000.0,-21000000.0
270,2011-12-31,GOOG,3507000000,3509000000,3489000000,785000000,2704000000,-20000000.0,-20000000.0
271,2012-03-31,GOOG,3389000000,3565000000,3545000000,655000000,2890000000,-20000000.0,-20000000.0
272,2012-06-30,GOOG,3237000000,3512000000,3490000000,657000000,2785000000,-22000000.0,-22000000.0
273,2012-09-30,GOOG,2740000000,2826000000,2805000000,647000000,2176000000,-21000000.0,-21000000.0
274,2012-12-31,GOOG,3432000000,3606000000,3585000000,648000000,2886000000,-21000000.0,-21000000.0
275,2013-03-31,GOOG,3748000000,3903000000,3882000000,354000000,3346000000,-21000000.0,-21000000.0
276,2013-06-30,GOOG,3465000000,3720000000,3701000000,927000000,3228000000,-19000000.0,-19000000.0
277,2013-09-30,GOOG,3761000000,3794000000,3775000000,612000000,2970000000,-19000000.0,-19000000.0
278,2013-12-31,GOOG,3922000000,4068000000,4047000000,666000000,3376000000,-21000000.0,-21000000.0
279,2014-03-31,GOOG,4115000000,4496000000,4472000000,822000000,3452000000,-24000000.0,-24000000.0
280,2014-06-30,GOOG,4258000000,4430000000,4403000000,984000000,3351000000,-27000000.0,-27000000.0
281,2014-09-30,GOOG,3724000000,3882000000,3857000000,933000000,2739000000,-25000000.0,-25000000.0
282,2014-12-31,GOOG,4399000000,4552000000,4527000000,737000000,4757000000,-25000000.0,-25000000.0
283,2015-03-31,GOOG,4447000000,4630000000,4604000000,1089000000,3515000000,-26000000.0,-26000000.0
284,2015-06-30,GOOG,4825000000,4982000000,4956000000,1025000000,3931000000,-26000000.0,-26000000.0
285,2015-09-30,GOOG,4708000000,4917000000,4891000000,912000000,3979000000,157000000.0,-26000000.0
286,2015-12-31,GOOG,5380000000,5226000000,5200000000,277000000,4923000000,-26000000.0,-26000000.0
287,2016-03-31,GOOG,5342000000,5159000000,5129000000,922000000,4207000000,-243000000.0,-30000000.0
288,2016-06-30,GOOG,5968000000,6151000000,6119000000,1242000000,4877000000,119000000.0,-32000000.0
289,2016-09-30,GOOG,5767000000,6074000000,6045000000,984000000,5061000000,249000000.0,-29000000.0
290,2016-12-31,GOOG,6639000000,6890000000,6857000000,1524000000,5333000000,185000000.0,-33000000.0
291,2017-03-31,GOOG,6568000000,6844000000,6819000000,1393000000,5426000000,226000000.0,-25000000.0
292,2017-06-30,GOOG,4132000000,4398000000,4377000000,853000000,3524000000,224000000.0,-21000000.0
293,2017-09-30,GOOG,7782000000,8006000000,7979000000,1247000000,6732000000,170000000.0,-27000000.0
294,2017-12-31,GOOG,7664000000,8054000000,8018000000,11038000000,-3020000000,318000000.0,-36000000.0
295,2018-03-31,GOOG,7633000000,10573000000,10543000000,1142000000,9401000000,3512000000.0,-30000000.0
296,2018-06-30,GOOG,3045000000,4242000000,4215000000,1020000000,3195000000,1381000000.0,-27000000.0
297,2018-09-30,GOOG,8625000000,10111000000,10083000000,891000000,9192000000,1745000000.0,-28000000.0
298,2018-12-31,GOOG,8203000000,10101000000,10072000000,1124000000,8948000000,1840000000.0,-29000000.0
299,2019-03-31,GOOG,6608000000,8181000000,8146000000,1489000000,6657000000,2920000000.0,487000000.0
300,2019-06-30,GOOG,9180000000,12172000000,12147000000,2200000000,9947000000,3595000000.0,628000000.0
301,2019-09-30,GOOG,9177000000,8651000000,8628000000,1560000000,7068000000,59000000.0,608000000.0
302,2019-12-31,GOOG,9266000000,10721000000,10704000000,33000000,10671000000,2042000000.0,604000000.0
303,2020-03-31,GOOG,7977000000,7778000000,7757000000,921000000,6836000000,345000000.0,565000000.0
304,2020-06-30,GOOG,6383000000,8290000000,8277000000,1318000000,6959000000,2314000000.0,420000000.0
305,2020-09-30,GOOG,11213000000,13407000000,13359000000,2112000000,11247000000,2558000000.0,412000000.0
306,2020-12-31,GOOG,15651000000,18742000000,18689000000,3462000000,15227000000,3371000000.0,333000000.0
307,2021-03-31,GOOG,16437000000,21359000000,21283000000,3353000000,17930000000,5115000000.0,269000000.0
308,2021-06-30,GOOG,19361000000,22061000000,21985000000,3460000000,18525000000,2937000000.0,313000000.0
309,2021-09-30,GOOG,21031000000,23141000000,23064000000,4128000000,18936000000,2343000000.0,310000000.0
310,2021-12-31,GOOG,21885000000,24519000000,24402000000,3760000000,20642000000,2778000000.0,261000000.0
311,2022-03-31,GOOG,20094000000,19017000000,18934000000,2498000000,16436000000,-829000000.0,331000000.0
312,2022-06-30,GOOG,19453000000,19097000000,19014000000,3012000000,16002000000,-36000000.0,403000000.0
313,2022-09-30,GOOG,17135000000,16334000000,16233000000,2323000000,13910000000,-388000000.0,514000000.0
314,2022-12-31,GOOG,18160000000,17237000000,17147000000,3523000000,13624000000,-444000000.0,569000000.0
315,2023-03-31,GOOG,17415000000,18285000000,18205000000,3154000000,15051000000,1507000000.0,717000000.0
316,2023-06-30,GOOG,21838000000,21946000000,21903000000,3535000000,18368000000,914000000.0,849000000.0
317,2023-09-30,GOOG,21343000000,21343000000,21197000000,1508000000,19689000000,950000000.0,950000000.0
318,2023-12-31,GOOG,23697000000,23697000000,24412000000,3725000000,20687000000,1041000000.0,1041000000.0
319,2024-03-31,GOOG,25472000000,25472000000,28315000000,4653000000,23662000000,967000000.0,967000000.0
320,2024-06-30,GOOG,27425000000,27618000000,27551000000,3932000000,23619000000,1023000000.0,1023000000.0
321,2024-09-30,GOOG,28521000000,31760000000,31706000000,5405000000,26301000000,1189000000.0,1189000000.0
322,2024-12-31,GOOG,30972000000,32296000000,32243000000,5707000000,26536000000,1035000000.0,1035000000.0
323,2025-03-31,GOOG,30606000000,41823000000,41789000000,7249000000,34540000000,967000000.0,967000000.0
324,2005-03-31,GOOGL,442770000,442770000,456456000,87263000,369193000,-12000000.0,-12000000.0
325,2005-06-30,GOOGL,475698000,475698000,495420000,152606000,342814000,-16000000.0,-16000000.0
326,2005-09-30,GOOGL,529171000,550356000,549968000,168786000,381182000,-388000.0,-388000.0
327,2005-12-31,GOOGL,569639000,569639000,639833000,267625000,372208000,-68000000.0,-68000000.0
328,2006-03-31,GOOGL,742699000,810626000,810618000,218327000,592291000,-8000.0,-8000.0
329,2006-06-30,GOOGL,815372000,976354000,976177000,255100000,721077000,-177000.0,-177000.0
330,2006-09-30,GOOGL,931331000,1039532000,1039511000,306150000,733361000,-21000.0,-21000.0
331,2006-12-31,GOOGL,1060594000,723484000,1184734000,154017000,1030717000,-122000000.0,-122000000.0
332,2007-03-31,GOOGL,1221209000,1352279000,1351937000,349775000,1002162000,-342000.0,-342000.0
333,2007-06-30,GOOGL,1104615000,1104630000,1241745000,316625000,925120000,-244000.0,-244000.0
334,2007-09-30,GOOGL,1317842000,1317891000,1472270000,402281000,1069989000,-446000.0,-446000.0
335,2007-12-31,GOOGL,1440734000,1608198000,1608027000,401578000,1206449000,-171000.0,-171000.0
336,2008-03-31,GOOGL,1546235000,1546192000,1713578000,406492000,1307086000,-387000.0,-387000.0
337,2008-06-30,GOOGL,1577965000,1577953000,1635888000,388497000,1247391000,-88086000.0,-88086000.0
338,2008-09-30,GOOGL,1647565000,1647574000,1668782000,378844000,1289938000,-90996000.0,-90996000.0
339,2008-12-31,GOOGL,1860205000,1860251000,835347000,452905000,382442000,-88447000.0,-88447000.0
340,2009-03-31,GOOGL,1884000000,1884000000,1890000000,467000000,1423000000,-66092000.0,-66092000.0
341,2009-06-30,GOOGL,1874000000,1874000000,1856000000,371000000,1485000000,-50017000.0,-50017000.0
342,2009-09-30,GOOGL,2074000000,2074000000,2067000000,428000000,1639000000,-46702000.0,-46702000.0
343,2009-12-31,GOOGL,2480983000,2481021000,2568671000,594571000,1974100000,-66862000.0,-66862000.0
344,2010-03-31,GOOGL,2488000000,2488000000,2506000000,551000000,1955000000,-95000000.0,-95000000.0
345,2010-06-30,GOOGL,2365000000,2365000000,2434000000,594000000,1840000000,-136000000.0,-136000000.0
346,2010-09-30,GOOGL,2547000000,2714000000,2714000000,547000000,2167000000,-172000000.0,-172000000.0
347,2010-12-31,GOOGL,2982000000,2982000000,3142000000,599000000,2543000000,-176000000.0,-176000000.0
348,2011-03-31,GOOGL,2296000000,2396000000,2392000000,594000000,1798000000,-4000000.0,-4000000.0
349,2011-06-30,GOOGL,2881000000,3098000000,3085000000,580000000,2505000000,-13000000.0,-13000000.0
350,2011-09-30,GOOGL,3058000000,3381000000,3360000000,631000000,2729000000,-21000000.0,-21000000.0
351,2011-12-31,GOOGL,3507000000,3509000000,3489000000,785000000,2704000000,-20000000.0,-20000000.0
352,2012-03-31,GOOGL,3389000000,3565000000,3545000000,655000000,2890000000,-20000000.0,-20000000.0
353,2012-06-30,GOOGL,3237000000,3512000000,3490000000,657000000,2785000000,-22000000.0,-22000000.0
354,2012-09-30,GOOGL,2740000000,2826000000,2805000000,647000000,2176000000,-21000000.0,-21000000.0
355,2012-12-31,GOOGL,3432000000,3606000000,3585000000,648000000,2886000000,-21000000.0,-21000000.0
356,2013-03-31,GOOGL,3748000000,3903000000,3882000000,354000000,3346000000,-21000000.0,-21000000.0
357,2013-06-30,GOOGL,3465000000,3720000000,3701000000,927000000,3228000000,-19000000.0,-19000000.0
358,2013-09-30,GOOGL,3761000000,3794000000,3775000000,612000000,2970000000,-19000000.0,-19000000.0
359,2013-12-31,GOOGL,3922000000,4068000000,4047000000,666000000,3376000000,-21000000.0,-21000000.0
360,2014-03-31,GOOGL,4115000000,4496000000,4472000000,822000000,3452000000,-24000000.0,-24000000.0
361,2014-06-30,GOOGL,4258000000,4430000000,4403000000,984000000,3351000000,-27000000.0,-27000000.0
362,2014-09-30,GOOGL,3724000000,3882000000,3857000000,933000000,2739000000,-25000000.0,-25000000.0
363,2014-12-31,GOOGL,4399000000,4552000000,4527000000,737000000,4757000000,-25000000.0,-25000000.0
364,2015-03-31,GOOGL,4447000000,4630000000,4604000000,1089000000,3515000000,-26000000.0,-26000000.0
365,2015-06-30,GOOGL,4825000000,4982000000,4956000000,1025000000,3931000000,-26000000.0,-26000000.0
366,2015-09-30,GOOGL,4708000000,4917000000,4891000000,912000000,3979000000,157000000.0,-26000000.0
367,2015-12-31,GOOGL,5380000000,5226000000,5200000000,277000000,4923000000,-26000000.0,-26000000.0
368,2016-03-31,GOOGL,5342000000,5159000000,5129000000,922000000,4207000000,-243000000.0,-30000000.0
369,2016-06-30,GOOGL,5968000000,6151000000,6119000000,1242000000,4877000000,119000000.0,-32000000.0
370,2016-09-30,GOOGL,5767000000,6074000000,6045000000,984000000,5061000000,249000000.0,-29000000.0
371,2016-12-31,GOOGL,6639000000,6890000000,6857000000,1524000000,5333000000,185000000.0,-33000000.0
372,2017-03-31,GOOGL,6568000000,6844000000,6819000000,1393000000,5426000000,226000000.0,-25000000.0
373,2017-06-30,GOOGL,4132000000,4398000000,4377000000,853000000,3524000000,224000000.0,-21000000.0
374,2017-09-30,GOOGL,7782000000,8006000000,7979000000,1247000000,6732000000,170000000.0,-27000000.0
375,2017-12-31,GOOGL,7664000000,8054000000,8018000000,11038000000,-3020000000,318000000.0,-36000000.0
376,2018-03-31,GOOGL,7633000000,10573000000,10543000000,1142000000,9401000000,3512000000.0,-30000000.0
377,2018-06-30,GOOGL,3045000000,4242000000,4215000000,1020000000,3195000000,1381000000.0,-27000000.0
378,2018-09-30,GOOGL,8625000000,10111000000,10083000000,891000000,9192000000,1745000000.0,-28000000.0
379,2018-12-31,GOOGL,8203000000,10101000000,10072000000,1124000000,8948000000,1840000000.0,-29000000.0
380,2019-03-31,GOOGL,6608000000,8181000000,8146000000,1489000000,6657000000,2920000000.0,487000000.0
381,2019-06-30,GOOGL,9180000000,12172000000,12147000000,2200000000,9947000000,3595000000.0,628000000.0
382,2019-09-30,GOOGL,9177000000,8651000000,8628000000,1560000000,7068000000,59000000.0,608000000.0
383,2019-12-31,GOOGL,9266000000,10721000000,10704000000,33000000,10671000000,2042000000.0,604000000.0
384,2020-03-31,GOOGL,7977000000,7778000000,7757000000,921000000,6836000000,345000000.0,565000000.0
385,2020-06-30,GOOGL,6383000000,8290000000,8277000000,1318000000,6959000000,2314000000.0,420000000.0
386,2020-09-30,GOOGL,11213000000,13407000000,13359000000,2112000000,11247000000,2558000000.0,412000000.0
387,2020-12-31,GOOGL,15651000000,18742000000,18689000000,3462000000,15227000000,3371000000.0,333000000.0
388,2021-03-31,GOOGL,16437000000,21359000000,21283000000,3353000000,17930000000,5115000000.0,269000000.0
389,2021-06-30,GOOGL,19361000000,22061000000,21985000000,3460000000,18525000000,2937000000.0,313000000.0
390,2021-09-30,GOOGL,21031000000,23141000000,23064000000,4128000000,18936000000,2343000000.0,310000000.0
391,2021-12-31,GOOGL,21885000000,24519000000,24402000000,3760000000,20642000000,2778000000.0,261000000.0
392,2022-03-31,GOOGL,20094000000,19017000000,18934000000,2498000000,16436000000,-829000000.0,331000000.0
393,2022-06-30,GOOGL,19453000000,19097000000,19014000000,3012000000,16002000000,-36000000.0,403000000.0
394,2022-09-30,GOOGL,17135000000,16334000000,16233000000,2323000000,13910000000,-388000000.0,514000000.0
395,2022-12-31,GOOGL,18160000000,17237000000,17147000000,3523000000,13624000000,-444000000.0,569000000.0
396,2023-03-31,GOOGL,17415000000,18285000000,18205000000,3154000000,15051000000,1507000000.0,717000000.0
397,2023-06-30,GOOGL,21838000000,21946000000,21903000000,3535000000,18368000000,914000000.0,849000000.0
398,2023-09-30,GOOGL,21343000000,21313000000,21197000000,1508000000,19689000000,950000000.0,950000000.0
399,2023-12-31,GOOGL,23697000000,24481000000,24412000000,3725000000,20687000000,1041000000.0,1041000000.0
400,2024-03-31,GOOGL,25472000000,28409000000,28315000000,4653000000,23662000000,967000000.0,967000000.0
401,2024-06-30,GOOGL,27425000000,27618000000,27551000000,3932000000,23619000000,1023000000.0,1023000000.0
402,2024-09-30,GOOGL,28521000000,31760000000,31706000000,5405000000,26301000000,1189000000.0,1189000000.0
403,2024-12-31,GOOGL,30972000000,32296000000,32243000000,5707000000,26536000000,1035000000.0,1035000000.0
404,2025-03-31,GOOGL,30606000000,41823000000,41789000000,7249000000,34540000000,967000000.0,967000000.0
405,2010-03-31,META,162000000,162000000,0,0,95000000,0.0,0.0
406,2010-06-30,META,219000000,219000000,0,0,129000000,0.0,0.0
407,2010-09-30,META,216000000,216000000,0,0,131000000,0.0,0.0
408,2010-12-31,META,435000000,435000000,1008000000,402000000,251000000,-22000000.0,-22000000.0
409,2011-03-31,META,388000000,388000000,398000000,165000000,233000000,-7000000.0,-7000000.0
410,2011-06-30,META,407000000,407000000,399000000,159000000,240000000,-9000000.0,-9000000.0
411,2011-09-30,META,414000000,414000000,379000000,152000000,227000000,-10000000.0,-10000000.0
412,2011-12-31,META,547000000,547000000,519000000,217000000,302000000,-16000000.0,-16000000.0
413,2012-03-31,META,381000000,381000000,382000000,177000000,205000000,-13000000.0,-13000000.0
414,2012-06-30,META,-743000000,-743000000,-765000000,-608000000,-157000000,-22000000.0,-10000000.0
415,2012-09-30,META,377000000,377000000,372000000,431000000,-59000000,-5000000.0,-11000000.0
416,2012-12-31,META,523000000,523000000,505000000,441000000,64000000,-16000000.0,-16000000.0
417,2013-03-31,META,373000000,373000000,353000000,134000000,219000000,-20000000.0,-15000000.0
418,2013-06-30,META,562000000,562000000,545000000,212000000,333000000,-17000000.0,-14000000.0
419,2013-09-30,META,736000000,736000000,726000000,301000000,425000000,-10000000.0,-21000000.0
420,2013-12-31,META,1133000000,1133000000,1130000000,607000000,523000000,-4000000.0,-7000000.0
421,2014-03-31,META,1075000000,1075000000,1075000000,433000000,642000000,0.0,0.0
422,2014-06-30,META,1390000000,1390000000,1386000000,595000000,791000000,-8000000.0,-4000000.0
423,2014-09-30,META,1397000000,1397000000,1336000000,530000000,806000000,-65000000.0,-4000000.0
424,2014-12-31,META,1133000000,1133000000,1114000000,413000000,701000000,-42000000.0,-23000000.0
425,2015-03-31,META,933000000,933000000,932000000,420000000,512000000,-3000000.0,-2000000.0
426,2015-06-30,META,1273000000,1273000000,1273000000,554000000,719000000,-5000000.0,-5000000.0
427,2015-09-30,META,1459000000,1459000000,1432000000,536000000,896000000,-34000000.0,-7000000.0
428,2015-12-31,META,2560000000,2560000000,2557000000,995000000,1562000000,-17000000.0,-14000000.0
429,2016-03-31,META,2009000000,2009000000,2065000000,555000000,1510000000,29000000.0,-27000000.0
430,2016-06-30,META,2746000000,2746000000,2766000000,711000000,2055000000,-12000000.0,-32000000.0
431,2016-09-30,META,3122000000,3122000000,3169000000,790000000,2379000000,-3000000.0,-50000000.0
432,2016-12-31,META,4566000000,4566000000,4533000000,965000000,3568000000,-88000000.0,-56000000.0
433,2017-03-31,META,3327000000,3327000000,3408000000,344000000,3064000000,14000000.0,-67000000.0
434,2017-06-30,META,4401000000,4401000000,4488000000,594000000,3894000000,-4000000.0,-91000000.0
435,2017-09-30,META,5122000000,5122000000,5236000000,529000000,4707000000,6000000.0,-108000000.0
436,2017-12-31,META,7352000000,7352000000,7462000000,3194000000,4268000000,-17000000.0,-126000000.0
437,2018-03-31,META,5449000000,5449000000,5610000000,622000000,4988000000,16000000.0,-145000000.0
438,2018-06-30,META,5863000000,5863000000,5868000000,762000000,5106000000,-138000000.0,-143000000.0
439,2018-09-30,META,5781000000,5781000000,5912000000,775000000,5137000000,-45000000.0,-176000000.0
440,2018-12-31,META,7820000000,7820000000,7971000000,1089000000,6882000000,-36000000.0,-187000000.0
441,2019-03-31,META,3317000000,3317000000,3482000000,1053000000,2429000000,165000000.0,198000000.0
442,2019-06-30,META,4626000000,4626000000,4832000000,2216000000,2616000000,206000000.0,219000000.0
443,2019-09-30,META,7185000000,7185000000,7329000000,1238000000,6091000000,144000000.0,258000000.0
444,2019-12-31,META,8858000000,8858000000,9169000000,1820000000,7349000000,331000000.0,229000000.0
445,2020-03-31,META,5893000000,5893000000,5861000000,959000000,4902000000,-32000000.0,228000000.0
446,2020-06-30,META,5963000000,5963000000,6131000000,953000000,5178000000,168000000.0,162000000.0
447,2020-09-30,META,8040000000,8040000000,8133000000,287000000,7846000000,93000000.0,146000000.0
448,2020-12-31,META,12775000000,12775000000,13055000000,1836000000,11219000000,280000000.0,280000000.0
449,2021-03-31,META,11378000000,11378000000,11503000000,2006000000,9497000000,125000000.0,125000000.0
450,2021-06-30,META,12367000000,12367000000,12513000000,2119000000,10394000000,146000000.0,146000000.0
451,2021-09-30,META,10423000000,10423000000,10565000000,1371000000,9194000000,142000000.0,120000000.0
452,2021-12-31,META,12585000000,12585000000,12702000000,2417000000,10285000000,133000000.0,117000000.0
453,2022-03-31,META,8524000000,8524000000,8908000000,1443000000,7465000000,692000000.0,384000000.0
454,2022-06-30,META,8358000000,8358000000,8186000000,1499000000,6687000000,-172000000.0,91000000.0
455,2022-09-30,META,5664000000,5664000000,5576000000,1181000000,4395000000,-88000000.0,-88000000.0
456,2022-12-31,META,6399000000,6399000000,6149000000,1497000000,4652000000,-249000000.0,32000000.0
457,2023-03-31,META,7227000000,7227000000,7307000000,1598000000,5709000000,218000000.0,80000000.0
458,2023-06-30,META,9392000000,9392000000,9293000000,1505000000,7788000000,108000000.0,-99000000.0
459,2023-09-30,META,13748000000,13748000000,14020000000,2437000000,11583000000,395000000.0,370000000.0
460,2023-12-31,META,16384000000,16384000000,16808000000,2791000000,14017000000,164000000.0,484000000.0
461,2024-03-31,META,13818000000,14310000000,14183000000,1814000000,12369000000,458000000.0,513000000.0
462,2024-06-30,META,14847000000,14888000000,15106000000,1641000000,13465000000,412000000.0,427000000.0
463,2024-09-30,META,17350000000,18030000000,17822000000,2134000000,15688000000,453000000.0,461000000.0
464,2024-12-31,META,23364000000,23803000000,23552000000,2714000000,20838000000,480000000.0,573000000.0
465,2025-03-31,META,17555000000,18622000000,18382000000,1738000000,16644000000,418000000.0,595000000.0
466,2005-03-31,MSFT,3329000000,3329000000,3825000000,1262000000,2563000000,0.0,0.0
467,2005-06-30,MSFT,2989000000,2989000000,3861000000,161000000,3700000000,0.0,0.0
468,2005-09-30,MSFT,4046000000,4046000000,4552000000,1411000000,3141000000,0.0,0.0
469,2005-12-31,MSFT,4657000000,4657000000,5137000000,1484000000,3653000000,0.0,0.0
470,2006-03-31,MSFT,3888000000,3888000000,4315000000,1338000000,2977000000,0.0,0.0
471,2006-06-30,MSFT,3881000000,3881000000,4258000000,1430000000,2828000000,0.0,0.0
472,2006-09-30,MSFT,4474000000,4474000000,5041000000,1563000000,3478000000,0.0,0.0
473,2006-12-31,MSFT,3472000000,3472000000,3805000000,1179000000,2626000000,0.0,0.0
474,2007-03-31,MSFT,6589000000,6589000000,6971000000,2045000000,4926000000,0.0,0.0
475,2007-06-30,MSFT,3989000000,3989000000,4284000000,1249000000,3035000000,0.0,0.0
476,2007-09-30,MSFT,5918000000,5918000000,6216000000,1927000000,4289000000,0.0,0.0
477,2007-12-31,MSFT,6481000000,6481000000,6820000000,2113000000,4707000000,0.0,0.0
478,2008-03-31,MSFT,4409000000,4409000000,4810000000,422000000,4388000000,0.0,0.0
479,2008-06-30,MSFT,5684000000,5684000000,5968000000,1671000000,4297000000,-106000000.0,-106000000.0
480,2008-09-30,MSFT,5999000000,5999000000,5991000000,1618000000,4373000000,0.0,0.0
481,2008-12-31,MSFT,5939000000,5939000000,5638000000,1464000000,4174000000,0.0,0.0
482,2009-03-31,MSFT,4438000000,4438000000,4050000000,1073000000,2977000000,0.0,0.0
483,2009-06-30,MSFT,3987000000,3987000000,4142000000,1097000000,3045000000,-38000000.0,-38000000.0
484,2009-09-30,MSFT,4482000000,4803000000,4765000000,1191000000,3574000000,245000000.0,-38000000.0
485,2009-12-31,MSFT,8513000000,8921000000,8883000000,2221000000,6662000000,332000000.0,-38000000.0
486,2010-03-31,MSFT,5173000000,5379000000,5341000000,1335000000,4006000000,130000000.0,-38000000.0
487,2010-06-30,MSFT,5930000000,6996000000,6024000000,1506000000,4518000000,57000000.0,-37000000.0
488,2010-09-30,MSFT,7116000000,7275000000,7230000000,1820000000,5410000000,69000000.0,-45000000.0
489,2010-12-31,MSFT,8165000000,8569000000,8497000000,1863000000,6634000000,260000000.0,-72000000.0
490,2011-03-31,MSFT,5709000000,5709000000,6025000000,793000000,5232000000,232000000.0,-84000000.0
491,2011-06-30,MSFT,6171000000,6413000000,6319000000,445000000,5874000000,54000000.0,-94000000.0
492,2011-09-30,MSFT,7203000000,7400000000,7306000000,1568000000,5738000000,9000000.0,-94000000.0
493,2011-12-31,MSFT,7994000000,8334000000,8239000000,1615000000,6624000000,150000000.0,-95000000.0
494,2012-03-31,MSFT,6374000000,6458000000,6363000000,1255000000,5108000000,-106000000.0,-95000000.0
495,2012-06-30,MSFT,192000000,1076000000,359000000,851000000,-492000000,71000000.0,-96000000.0
496,2012-09-30,MSFT,5308000000,5629000000,5534000000,1068000000,4466000000,131000000.0,-95000000.0
497,2012-12-31,MSFT,7771000000,7875000000,7770000000,1393000000,6377000000,-106000000.0,-105000000.0
498,2013-03-31,MSFT,7612000000,7712000000,7603000000,1548000000,6055000000,-118000000.0,-109000000.0
499,2013-06-30,MSFT,6073000000,6265000000,6145000000,1180000000,4965000000,-48000000.0,-120000000.0
500,2013-09-30,MSFT,6334000000,6526000000,6408000000,1164000000,5244000000,-44000000.0,-118000000.0
501,2013-12-31,MSFT,7969000000,8013000000,7878000000,1320000000,6558000000,-226000000.0,-135000000.0
502,2014-03-31,MSFT,6974000000,7132000000,6957000000,1297000000,5660000000,-192000000.0,-175000000.0
503,2014-06-30,MSFT,6482000000,6746000000,6577000000,1965000000,4612000000,-74000000.0,-169000000.0
504,2014-09-30,MSFT,5844000000,6057000000,5896000000,1356000000,4540000000,-109000000.0,-161000000.0
505,2014-12-31,MSFT,7776000000,8012000000,7850000000,1987000000,5863000000,-88000000.0,-162000000.0
506,2015-03-31,MSFT,6594000000,6728000000,6517000000,1532000000,4985000000,-288000000.0,-211000000.0
507,2015-06-30,MSFT,-2053000000,-1509000000,-1756000000,1439000000,-3195000000,50000000.0,-247000000.0
508,2015-09-30,MSFT,5793000000,5762000000,5513000000,611000000,4902000000,-529000000.0,-249000000.0
509,2015-12-31,MSFT,6026000000,6164000000,5855000000,837000000,5018000000,-480000000.0,-309000000.0
510,2016-03-31,MSFT,5283000000,5376000000,5036000000,1280000000,3756000000,-587000000.0,-340000000.0
511,2016-06-30,MSFT,3080000000,3692000000,3347000000,225000000,3122000000,-78000000.0,-345000000.0
512,2016-09-30,MSFT,6715000000,7264000000,6827000000,1160000000,5667000000,-337000000.0,-437000000.0
513,2016-12-31,MSFT,7905000000,8543000000,8022000000,1755000000,6267000000,-335000000.0,-521000000.0
514,2017-03-31,MSFT,6723000000,7703000000,7094000000,1608000000,5486000000,-287000000.0,-609000000.0
515,2017-06-30,MSFT,5330000000,6200000000,5545000000,-968000000,6513000000,-440000000.0,-655000000.0
516,2017-09-30,MSFT,7708000000,8656000000,7984000000,1408000000,6576000000,-396000000.0,-672000000.0
517,2017-12-31,MSFT,8679000000,9867000000,9169000000,15471000000,-6302000000,-208000000.0,-698000000.0
518,2018-03-31,MSFT,8292000000,9332000000,8641000000,1217000000,7424000000,-342000000.0,-691000000.0
519,2018-06-30,MSFT,10379000000,11352000000,10680000000,1807000000,8873000000,-371000000.0,-672000000.0
520,2018-09-30,MSFT,9955000000,10895000000,10221000000,1397000000,8824000000,-408000000.0,-674000000.0
521,2018-12-31,MSFT,10258000000,11057000000,10385000000,1965000000,8420000000,-545000000.0,-672000000.0
522,2019-03-31,MSFT,10341000000,11157000000,10486000000,1677000000,8809000000,-526000000.0,-671000000.0
523,2019-06-30,MSFT,12405000000,13265000000,12596000000,-591000000,13187000000,-157000000.0,-669000000.0
524,2019-09-30,MSFT,12686000000,13323000000,12686000000,2008000000,10678000000,-498000000.0,-637000000.0
525,2019-12-31,MSFT,13891000000,14739000000,14085000000,2436000000,11649000000,-179000000.0,-654000000.0
526,2020-03-31,MSFT,12975000000,13457000000,12843000000,2091000000,10752000000,-593000000.0,-614000000.0
527,2020-06-30,MSFT,13407000000,14108000000,13422000000,2220000000,11202000000,-671000000.0,-686000000.0
528,2020-09-30,MSFT,15876000000,16713000000,16124000000,2231000000,13893000000,-341000000.0,-589000000.0
529,2020-12-31,MSFT,17897000000,18908000000,18337000000,2874000000,15463000000,414000000.0,-26000000.0
530,2021-03-31,MSFT,17048000000,17869000000,17236000000,1779000000,15457000000,74000000.0,-114000000.0
531,2021-06-30,MSFT,19095000000,19958000000,19405000000,2947000000,16458000000,254000000.0,-56000000.0
532,2021-09-30,MSFT,20238000000,21063000000,20524000000,19000000,20505000000,267000000.0,-19000000.0
533,2021-12-31,MSFT,22247000000,23040000000,22515000000,3750000000,18765000000,246000000.0,-22000000.0
534,2022-03-31,MSFT,20364000000,20693000000,20190000000,3462000000,16728000000,-158000000.0,16000000.0
535,2022-06-30,MSFT,20534000000,20983000000,20487000000,3747000000,16740000000,9000000.0,56000000.0
536,2022-09-30,MSFT,21518000000,21518000000,21572000000,4016000000,17556000000,195000000.0,141000000.0
537,2022-12-31,MSFT,20399000000,20399000000,20339000000,3914000000,16425000000,150000000.0,210000000.0
538,2023-03-31,MSFT,22352000000,23169000000,22673000000,4374000000,18299000000,573000000.0,252000000.0
539,2023-06-30,MSFT,24254000000,24254000000,24727000000,4646000000,20081000000,423000000.0,423000000.0
540,2023-09-30,MSFT,26895000000,27809000000,27284000000,4993000000,22291000000,641000000.0,641000000.0
541,2023-12-31,MSFT,27032000000,27435000000,26526000000,4656000000,21870000000,-175000000.0,-175000000.0
542,2024-03-31,MSFT,27581000000,27527000000,26727000000,4788000000,21939000000,-181000000.0,-181000000.0
543,2024-06-30,MSFT,27925000000,27951000000,27250000000,5214000000,22036000000,-63000000.0,-63000000.0
544,2024-09-30,MSFT,30552000000,30851000000,30269000000,5602000000,24667000000,99000000.0,99000000.0
545,2024-12-31,MSFT,31653000000,29959000000,29365000000,5257000000,24108000000,6000000.0,6000000.0
546,2025-03-31,MSFT,32000000000,31971000000,31377000000,5553000000,25824000000,3000000.0,3000000.0
547,2005-04-30,NVDA,76182000,76182000,80555000,16111000,64444000,-10000.0,-10000.0
548,2005-07-31,NVDA,77593000,77593000,82812000,8979000,73833000,-2000.0,-2000.0
549,2005-10-31,NVDA,69572000,69572000,75718000,11271000,64447000,-1000.0,-1000.0
550,2006-01-31,NVDA,112342000,112342000,116728000,18676000,98052000,-60000.0,-60000.0
551,2006-04-30,NVDA,100685000,100685000,109248000,18572000,90676000,-1000.0,-1000.0
552,2006-07-31,NVDA,95800000,95800000,104500000,17800000,86800000,-6000.0,-6000.0
553,2006-10-31,NVDA,117613000,117613000,128327000,21816000,106511000,-22000.0,-22000.0
554,2007-01-31,NVDA,138514000,138514000,151559000,-11947000,163506000,-4000.0,-4000.0
555,2007-04-30,NVDA,141246000,141246000,153789000,21530000,132259000,-12500000.0,-12500000.0
556,2007-07-31,NVDA,184760000,184760000,200851000,28119000,172732000,-16100000.0,-16100000.0
557,2007-10-31,NVDA,247841000,247841000,266799000,31138000,235661000,-19000000.0,-19000000.0
558,2008-01-31,NVDA,262499000,262499000,279902000,22909000,256993000,-54000.0,-54000.0
559,2008-04-30,NVDA,202979000,202979000,213018000,36213000,176805000,-54000.0,-54000.0
560,2008-07-31,NVDA,-155392000,-155392000,-146600000,-25671000,-120929000,-8800000.0,-8800000.0
561,2008-10-31,NVDA,56796000,65134000,61003000,-745000,61748000,-4200000.0,-4200000.0
562,2009-01-31,NVDA,-175083000,-156553000,-170375000,-22710000,-147665000,-406000.0,-406000.0
563,2009-04-30,NVDA,-230965000,-230965000,-224821000,-23483000,-201338000,-6124000.0,-6124000.0
564,2009-07-31,NVDA,-110107000,-110107000,-107101000,-1799000,-105302000,-5779000.0,-5779000.0
565,2009-10-31,NVDA,107845000,107845000,110207000,2630000,107577000,-3082000.0,-5444000.0
566,2010-01-31,NVDA,134282000,154253000,139421000,8345000,131076000,-3320000.0,-3320000.0
567,2010-04-30,NVDA,147393000,147393000,150725000,13131000,137594000,-2239000.0,-5571000.0
568,2010-07-31,NVDA,-175207000,-175207000,-169047000,-28086000,-140961000,1355000.0,-4805000.0
569,2010-10-31,NVDA,103783000,103783000,103585000,18723000,84862000,-4418000.0,-4220000.0
570,2011-01-31,NVDA,179778000,198327000,185906000,14255000,171651000,6128000.0,-3127000.0
571,2011-04-30,NVDA,154862000,154862000,156485000,21266000,135219000,-3690000.0,-5313000.0
572,2011-07-31,NVDA,174030000,174030000,177547000,25974000,151573000,-1749000.0,-5266000.0
573,2011-10-31,NVDA,197090000,197090000,204787000,26514000,178273000,3341000.0,-4356000.0
574,2012-01-31,NVDA,122317000,140503000,124577000,8552000,116025000,4225000.0,-1124000.0
575,2012-04-30,NVDA,72826000,72826000,77095000,16658000,60437000,-929000.0,-5198000.0
576,2012-07-31,NVDA,139623000,139623000,145208000,26162000,119046000,269000.0,-5316000.0
577,2012-10-31,NVDA,252217000,252217000,253628000,44548000,209080000,-3290000.0,-4701000.0
578,2013-01-31,NVDA,183573000,200667000,186108000,12135000,173973000,4430000.0,-1399000.0
579,2013-04-30,NVDA,82781000,88915000,88062000,10171000,77891000,4428000.0,-853000.0
580,2013-07-31,NVDA,105534000,112656000,111820000,15372000,96448000,5450000.0,-836000.0
581,2013-10-31,NVDA,140988000,142303000,141484000,22750000,118734000,-323000.0,-819000.0
582,2014-01-31,NVDA,166924000,191394000,168888000,21971000,146917000,4472000.0,-7935000.0
583,2014-04-30,NVDA,151000000,174000000,163000000,26000000,137000000,12394000.0,-11000000.0
584,2014-07-31,NVDA,163000000,167000000,155000000,27000000,128000000,-9028000.0,-12000000.0
585,2014-10-31,NVDA,213000000,220000000,209000000,36000000,173000000,-3703000.0,-11000000.0
586,2015-01-31,NVDA,231136000,239453000,227859000,34731000,193128000,-3277000.0,-11594000.0
587,2015-04-30,NVDA,176000000,184000000,172000000,38000000,134000000,-4000000.0,-12000000.0
588,2015-07-31,NVDA,76000000,84000000,72000000,46000000,26000000,-4000000.0,-12000000.0
589,2015-10-31,NVDA,245000000,257000000,245000000,-1000000,246000000,0.0,-12000000.0
590,2016-01-31,NVDA,252000000,266000000,254000000,46000000,208000000,3000000.0,-12000000.0
591,2016-04-30,NVDA,245000000,253000000,241000000,33000000,208000000,-4000000.0,-12000000.0
592,2016-07-31,NVDA,317000000,329000000,317000000,56000000,261000000,0.0,-12000000.0
593,2016-10-31,NVDA,639000000,637000000,621000000,79000000,542000000,-18000000.0,-16000000.0
594,2017-01-31,NVDA,733000000,744000000,725000000,71000000,654000000,-8000000.0,-19000000.0
595,2017-04-30,NVDA,554000000,552000000,536000000,29000000,507000000,-18000000.0,-16000000.0
596,2017-07-31,NVDA,688000000,699000000,684000000,101000000,583000000,-4000000.0,-15000000.0
597,2017-10-31,NVDA,895000000,911000000,896000000,58000000,838000000,1000000.0,-15000000.0
598,2018-01-31,NVDA,1073000000,1094000000,1079000000,-40000000,1119000000,7000000.0,-15000000.0
599,2018-04-30,NVDA,1295000000,1326000000,1311000000,67000000,1244000000,16000000.0,-15000000.0
600,2018-07-31,NVDA,1157000000,1194000000,1180000000,79000000,1101000000,23000000.0,-14000000.0
601,2018-10-31,NVDA,1058000000,1096000000,1081000000,-149000000,1230000000,23000000.0,-15000000.0
602,2019-01-31,NVDA,294000000,338000000,324000000,-242000000,566000000,30000000.0,-14000000.0
603,2019-04-30,NVDA,358000000,402000000,389000000,-5000000,394000000,75000000.0,31000000.0
604,2019-07-31,NVDA,571000000,619000000,606000000,54000000,552000000,82000000.0,34000000.0
605,2019-10-31,NVDA,927000000,972000000,959000000,60000000,899000000,77000000.0,32000000.0
606,2020-01-31,NVDA,990000000,1029000000,1016000000,65000000,951000000,67000000.0,28000000.0
607,2020-04-30,NVDA,976000000,1006000000,981000000,64000000,917000000,36000000.0,6000000.0
608,2020-07-31,NVDA,651000000,663000000,609000000,-13000000,622000000,-29000000.0,-41000000.0
609,2020-10-31,NVDA,1398000000,1401000000,1348000000,12000000,1336000000,-43000000.0,-46000000.0
610,2021-01-31,NVDA,1507000000,1523000000,1470000000,13000000,1457000000,-31000000.0,-47000000.0
611,2021-04-30,NVDA,1956000000,2097000000,2044000000,132000000,1912000000,94000000.0,-47000000.0
612,2021-07-31,NVDA,2444000000,2454000000,2394000000,20000000,2374000000,-44000000.0,-54000000.0
613,2021-10-31,NVDA,2671000000,2700000000,2638000000,174000000,2464000000,-26000000.0,-55000000.0
614,2022-01-31,NVDA,2970000000,2926000000,2865000000,-138000000,3003000000,-96000000.0,-52000000.0
615,2022-04-30,NVDA,1868000000,1873000000,1805000000,187000000,1618000000,-45000000.0,-50000000.0
616,2022-07-31,NVDA,499000000,540000000,475000000,-181000000,656000000,-19000000.0,-19000000.0
617,2022-10-31,NVDA,601000000,678000000,613000000,-67000000,680000000,100000000.0,23000000.0
618,2023-01-31,NVDA,1256000000,1352000000,1288000000,-126000000,1414000000,51000000.0,50000000.0
619,2023-04-30,NVDA,2140000000,2275000000,2209000000,166000000,2043000000,219000000.0,84000000.0
620,2023-07-31,NVDA,6800000000,7046000000,6981000000,793000000,6188000000,368000000.0,122000000.0
621,2023-10-31,NVDA,10417000000,10585000000,10522000000,1279000000,9243000000,171000000.0,171000000.0
622,2024-01-31,NVDA,13614000000,14169000000,14106000000,1821000000,12285000000,231000000.0,231000000.0
623,2024-04-30,NVDA,16909000000,17343000000,17279000000,2398000000,14881000000,295000000.0,295000000.0
624,2024-07-31,NVDA,18642000000,19275000000,19214000000,2615000000,16599000000,383000000.0,383000000.0
625,2024-10-31,NVDA,21869000000,22377000000,22316000000,3007000000,19309000000,411000000.0,411000000.0
626,2025-01-31,NVDA,24034000000,25278000000,25217000000,3126000000,22091000000,450000000.0,450000000.0
627,2025-04-30,NVDA,21638000000,21973000000,21910000000,3135000000,18775000000,452000000.0,452000000.0
628,2007-03-31,TSLA,-19983250,-19983250,-19511750,27500,-19539250,-471500.0,-471500.0
629,2007-12-31,TSLA,-19626000,-19626000,-20671250,24250,-20695500,-936750.0,-936750.0
630,2008-03-31,TSLA,-19626000,-19626000,-20671250,24250,-20695500,-936750.0,-936750.0
631,2008-09-30,TSLA,-23224000,-23224000,-25474000,24000,-25498000,-1099000.0,-1099000.0
632,2008-12-31,TSLA,-23224000,-23224000,-25474000,24000,-25498000,-1099000.0,-1099000.0
633,2009-03-31,TSLA,-16594000,-16594000,-16008000,8000,-16016000,-1402000.0,-1402000.0
634,2009-06-30,TSLA,-8087000,-8087000,-10859000,8000,-10867000,-1086000.0,-1086000.0
635,2009-09-30,TSLA,-4291000,-4291000,-4834000,-219000,-4615000,-18000.0,-18000.0
636,2009-12-31,TSLA,-22925000,-22925000,-24013000,229000,-24242000,-25000.0,-25000.0
637,2010-03-31,TSLA,-25998000,-25998000,-29401000,118000,-29519000,-230000.0,-230000.0
638,2010-06-30,TSLA,-31362000,-31362000,-38508000,9000,-38517000,-464000.0,-464000.0
639,2010-09-30,TSLA,-37834000,-37834000,-34852000,83000,-34935000,-298000.0,-298000.0
640,2010-12-31,TSLA,-51645000,-51645000,-51395000,-37000,-51358000,-63000.0,-63000.0
641,2011-03-31,TSLA,-47346000,-47346000,-48791000,150000,-48941000,-40000.0,-40000.0
642,2011-06-30,TSLA,-58739000,-58739000,-58764000,139000,-58903000,-71000.0,-46000.0
643,2011-09-30,TSLA,-64477000,-64477000,-64991000,87000,-65078000,-594000.0,-80000.0
644,2011-12-31,TSLA,-80927000,-80927000,-81377000,112000,-81489000,-43000.0,-43000.0
645,2012-03-31,TSLA,-88763000,-88763000,-89814000,59000,-89873000,-1051000.0,-65000.0
646,2012-06-30,TSLA,-106175000,-106175000,-105494000,109000,-105603000,681000.0,-84000.0
647,2012-09-30,TSLA,-108460000,-108460000,-110688000,116000,-110804000,-2228000.0,-78000.0
648,2012-12-31,TSLA,-90883000,-90883000,-90079000,-148000,-89931000,805000.0,-26000.0
649,2013-03-31,TSLA,11517000,11517000,11399000,151000,11248000,16983000.0,-118000.0
650,2013-06-30,TSLA,-10085000,-10085000,-30201000,301000,-30502000,-18409000.0,-20116000.0
651,2013-09-30,TSLA,-30554000,-30554000,-37718000,778000,-38496000,-7164000.0,-6492000.0
652,2013-12-31,TSLA,-8677000,-8677000,-14906000,1358000,-16264000,-1574000.0,-6229000.0
653,2014-03-31,TSLA,-37108000,-37108000,-48991000,809000,-49800000,-5024000.0,-11883000.0
654,2014-06-30,TSLA,-29512000,-29512000,-60750000,1150000,-61900000,-31997000.0,-31238000.0
655,2014-09-30,TSLA,-41919000,-41919000,-70981000,3727000,-74708000,-31852000.0,-29062000.0
656,2014-12-31,TSLA,-74838000,-74838000,-103910000,3719000,-107629000,-29074000.0,-28703000.0
657,2015-03-31,TSLA,-102446000,-102446000,-151141000,3040000,-154181000,-48695000.0,-26574000.0
658,2015-06-30,TSLA,-170188000,-170188000,-181060000,3167000,-184227000,-10872000.0,-24352000.0
659,2015-09-30,TSLA,-183662000,-183662000,-228074000,1784000,-229858000,-44412000.0,-29308000.0
660,2015-12-31,TSLA,-260333000,-260333000,-315349000,5048000,-320397000,-55016000.0,-38617000.0
661,2016-03-31,TSLA,-248224000,-248224000,-278421000,3846000,-282267000,-30197000.0,-40625000.0
662,2016-06-30,TSLA,-238040000,-238040000,-289539000,3649000,-293188000,-51499000.0,-46368000.0
663,2016-09-30,TSLA,85622000,85622000,30011000,8133000,21878000,-55611000.0,-46713000.0
664,2016-12-31,TSLA,-143295000,-143295000,-208399000,11070000,-219469000,58299000.0,-65104000.0
665,2017-03-31,TSLA,-272557000,-272557000,-371903000,25278000,-330277000,-114354000.0,-99346000.0
666,2017-06-30,TSLA,-277339000,-277339000,-385780000,15647000,-336397000,-144864000.0,-108441000.0
667,2017-09-30,TSLA,-535480000,-535480000,-671448000,-285000,-619376000,-135968000.0,-117109000.0
668,2017-12-31,TSLA,-598141000,-598141000,-779901000,-9094000,-770807000,-181760000.0,-146363000.0
669,2018-03-31,TSLA,-596974000,-596974000,-779022000,5605000,-709551000,-182048000.0,-149546000.0
670,2018-06-30,TSLA,-461983000,-461983000,-728999000,13707000,-742706000,-107607000.0,-163582000.0
671,2018-09-30,TSLA,416757000,416757000,271320000,16647000,311516000,-145437000.0,-175220000.0
672,2018-12-31,TSLA,251776000,413536000,231956000,21878000,210078000,-181580000.0,-174723000.0
673,2019-03-31,TSLA,-443848000,-443848000,-644772000,22873000,-667645000,-114179000.0,-148691000.0
674,2019-06-30,TSLA,-80507000,-80507000,-369831000,19431000,-389262000,-192011000.0,-161617000.0
675,2019-09-30,TSLA,361000000,361000000,176000000,26000000,143000000,-70000000.0,-170000000.0
676,2019-12-31,TSLA,359000000,359000000,174000000,42000000,105000000,-160000000.0,-160000000.0
677,2020-03-31,TSLA,239000000,239000000,70000000,2000000,68000000,-203000000.0,-159000000.0
678,2020-06-30,TSLA,327000000,327000000,150000000,21000000,104000000,-169000000.0,-162000000.0
679,2020-09-30,TSLA,809000000,809000000,555000000,186000000,331000000,-248000000.0,-157000000.0
680,2020-12-31,TSLA,575000000,575000000,379000000,83000000,239000000,-190000000.0,-240000000.0
681,2021-03-31,TSLA,594000000,594000000,533000000,69000000,438000000,-51000000.0,-89000000.0
682,2021-06-30,TSLA,1312000000,1312000000,1293000000,115000000,1142000000,-8000000.0,-64000000.0
683,2021-09-30,TSLA,2004000000,2004000000,1882000000,223000000,1618000000,-112000000.0,-116000000.0
684,2021-12-31,TSLA,2567000000,2706000000,2635000000,292000000,2343000000,47000000.0,-46000000.0
685,2022-03-31,TSLA,3603000000,3603000000,3626000000,346000000,3280000000,51000000.0,-33000000.0
686,2022-06-30,TSLA,2464000000,2464000000,2474000000,205000000,2259000000,36000000.0,-18000000.0
687,2022-09-30,TSLA,3688000000,3688000000,3636000000,305000000,3292000000,-19000000.0,33000000.0
688,2022-12-31,TSLA,3901000000,3901000000,3983000000,276000000,3687000000,124000000.0,124000000.0
689,2023-03-31,TSLA,2664000000,2664000000,2800000000,261000000,2513000000,320000000.0,184000000.0
690,2023-06-30,TSLA,2399000000,2399000000,2937000000,323000000,2703000000,776000000.0,210000000.0
691,2023-09-30,TSLA,1764000000,2083000000,2045000000,167000000,1853000000,206000000.0,244000000.0
692,2023-12-31,TSLA,2064000000,2252000000,2191000000,-5752000000,7930000000,272000000.0,272000000.0
693,2024-03-31,TSLA,1171000000,1629000000,1553000000,409000000,1129000000,274000000.0,274000000.0
694,2024-06-30,TSLA,1605000000,1973000000,1887000000,393000000,1478000000,262000000.0,262000000.0
695,2024-09-30,TSLA,2717000000,2876000000,2784000000,601000000,2167000000,337000000.0,337000000.0
696,2024-12-31,TSLA,1583000000,2862000000,2766000000,434000000,2356000000,346000000.0,346000000.0
697,2025-03-31,TSLA,399000000,680000000,589000000,169000000,409000000,309000000.0,309000000.0
698,2005-03-31,UNH,1200000000,1200000000,1151000000,408000000,743000000,-49000000.0,-49000000.0
699,2005-06-30,UNH,1262000000,1262000000,1207000000,438000000,769000000,-55000000.0,-55000000.0
700,2005-09-30,UNH,1323000000,1323000000,1261000000,461000000,800000000,-62000000.0,-62000000.0
701,2005-12-31,UNH,1429000000,1429000000,1354000000,484000000,870000000,-241000000.0,-241000000.0
702,2006-03-31,UNH,1473000000,1473000000,1391000000,500000000,891000000,-82000000.0,-82000000.0
703,2006-06-30,UNH,1667000000,1667000000,1551000000,570000000,981000000,-116000000.0,-116000000.0
704,2006-09-30,UNH,1863000000,1863000000,1734000000,622000000,1112000000,-129000000.0,-129000000.0
705,2006-12-31,UNH,1981000000,1981000000,1852000000,677000000,1175000000,-95000000.0,-95000000.0
706,2007-03-31,UNH,1582000000,1582000000,1466000000,539000000,927000000,-116000000.0,-116000000.0
707,2007-06-30,UNH,2074000000,2074000000,1941000000,713000000,1228000000,-133000000.0,-133000000.0
708,2007-09-30,UNH,2155000000,2155000000,2013000000,730000000,1283000000,-142000000.0,-142000000.0
709,2007-12-31,UNH,2038000000,2038000000,1885000000,669000000,1216000000,-544000000.0,-544000000.0
710,2008-03-31,UNH,1713000000,1713000000,1559000000,565000000,994000000,-154000000.0,-154000000.0
711,2008-06-30,UNH,673000000,673000000,509000000,172000000,337000000,-164000000.0,-164000000.0
712,2008-09-30,UNH,1598000000,1598000000,1432000000,512000000,920000000,-166000000.0,-166000000.0
713,2008-12-31,UNH,1279000000,1279000000,1124000000,398000000,726000000,-155000000.0,-155000000.0
714,2009-03-31,UNH,1668000000,1668000000,1537000000,553000000,984000000,-131000000.0,-131000000.0
715,2009-06-30,UNH,1440000000,1440000000,1301000000,442000000,859000000,-139000000.0,-139000000.0
716,2009-09-30,UNH,1676000000,1676000000,1539000000,504000000,1035000000,-137000000.0,-137000000.0
717,2009-12-31,UNH,1575000000,1575000000,1431000000,487000000,944000000,-144000000.0,-144000000.0
718,2010-03-31,UNH,2016000000,2016000000,1891000000,700000000,1191000000,-125000000.0,-125000000.0
719,2010-06-30,UNH,1901000000,1901000000,1782000000,659000000,1123000000,-119000000.0,-119000000.0
720,2010-09-30,UNH,2145000000,2145000000,2026000000,749000000,1277000000,-119000000.0,-119000000.0
721,2010-12-31,UNH,1802000000,1802000000,1684000000,641000000,1043000000,-118000000.0,-118000000.0
722,2011-03-31,UNH,2221000000,2221000000,2103000000,757000000,1346000000,-118000000.0,-118000000.0
723,2011-06-30,UNH,2099000000,2099000000,1980000000,713000000,1267000000,-119000000.0,-119000000.0
724,2011-09-30,UNH,2070000000,2070000000,1941000000,670000000,1271000000,-129000000.0,-129000000.0
725,2011-12-31,UNH,2074000000,2074000000,1935000000,677000000,1258000000,-139000000.0,-139000000.0
726,2012-03-31,UNH,2317000000,2317000000,2169000000,781000000,1388000000,-148000000.0,-148000000.0
727,2012-06-30,UNH,2226000000,2226000000,2073000000,736000000,1337000000,-153000000.0,-153000000.0
728,2012-09-30,UNH,2610000000,2610000000,2452000000,895000000,1557000000,-158000000.0,-158000000.0
729,2012-12-31,UNH,2101000000,2101000000,1928000000,684000000,1244000000,-173000000.0,-173000000.0
730,2013-03-31,UNH,2139000000,2139000000,1961000000,721000000,1192000000,-178000000.0,-178000000.0
731,2013-06-30,UNH,2401000000,2401000000,2225000000,789000000,1436000000,-176000000.0,-176000000.0
732,2013-09-30,UNH,2631000000,2631000000,2453000000,883000000,1570000000,-178000000.0,-178000000.0
733,2013-12-31,UNH,2452000000,2452000000,2276000000,849000000,1427000000,-176000000.0,-176000000.0
734,2014-03-31,UNH,2054000000,2054000000,1894000000,795000000,1099000000,-160000000.0,-160000000.0
735,2014-06-30,UNH,2552000000,2552000000,2397000000,989000000,1408000000,-155000000.0,-155000000.0
736,2014-09-30,UNH,2903000000,2903000000,2751000000,1149000000,1602000000,-152000000.0,-152000000.0
737,2014-12-31,UNH,2765000000,2765000000,2614000000,1104000000,1510000000,-151000000.0,-151000000.0
738,2015-03-31,UNH,2640000000,2640000000,2490000000,1077000000,1413000000,-150000000.0,-150000000.0
739,2015-06-30,UNH,2895000000,2895000000,2744000000,1159000000,1585000000,-151000000.0,-151000000.0
740,2015-09-30,UNH,3018000000,3018000000,2789000000,1171000000,1597000000,-229000000.0,-229000000.0
741,2015-12-31,UNH,2468000000,2468000000,2208000000,956000000,1218000000,-260000000.0,-260000000.0
742,2016-03-31,UNH,2960000000,2960000000,2701000000,1074000000,1611000000,-259000000.0,-259000000.0
743,2016-06-30,UNH,3203000000,3203000000,2932000000,1172000000,1754000000,-271000000.0,-271000000.0
744,2016-09-30,UNH,3580000000,3580000000,3311000000,1333000000,1968000000,-269000000.0,-269000000.0
745,2016-12-31,UNH,3187000000,3187000000,2919000000,1211000000,1684000000,-268000000.0,-268000000.0
746,2017-03-31,UNH,3413000000,3413000000,3130000000,939000000,2172000000,-283000000.0,-283000000.0
747,2017-06-30,UNH,3731000000,3731000000,3430000000,1080000000,2284000000,-301000000.0,-301000000.0
748,2017-09-30,UNH,4088000000,4088000000,3794000000,1233000000,2485000000,-294000000.0,-294000000.0
749,2017-12-31,UNH,3977000000,3977000000,3669000000,-52000000,3617000000,-308000000.0,-308000000.0
750,2018-03-31,UNH,4053000000,4053000000,3724000000,800000000,2836000000,-329000000.0,-329000000.0
751,2018-06-30,UNH,4204000000,4204000000,3860000000,850000000,2922000000,-344000000.0,-344000000.0
752,2018-09-30,UNH,4590000000,4590000000,4237000000,953000000,3188000000,-353000000.0,-353000000.0
753,2018-12-31,UNH,4497000000,4497000000,4123000000,959000000,3040000000,-374000000.0,-374000000.0
754,2019-03-31,UNH,4832000000,4832000000,4432000000,875000000,3467000000,-400000000.0,-400000000.0
755,2019-06-30,UNH,4744000000,4744000000,4326000000,941000000,3293000000,0.0,-418000000.0
756,2019-09-30,UNH,5014000000,5014000000,4565000000,936000000,3538000000,0.0,-449000000.0
757,2019-12-31,UNH,5095000000,5095000000,4658000000,990000000,3541000000,0.0,-437000000.0
758,2020-03-31,UNH,4996000000,4996000000,4559000000,1094000000,3382000000,0.0,-437000000.0
759,2020-06-30,UNH,9241000000,9241000000,8811000000,2115000000,6637000000,0.0,-430000000.0
760,2020-09-30,UNH,4651000000,4651000000,4256000000,1000000000,3172000000,0.0,-395000000.0
761,2020-12-31,UNH,3517000000,3517000000,3116000000,764000000,2212000000,0.0,-401000000.0
762,2021-03-31,UNH,6739000000,6739000000,6342000000,1364000000,4862000000,0.0,-397000000.0
763,2021-06-30,UNH,5978000000,5978000000,5568000000,1196000000,4266000000,0.0,-410000000.0
764,2021-09-30,UNH,5712000000,5712000000,5290000000,1099000000,4086000000,0.0,-422000000.0
765,2021-12-31,UNH,5541000000,5541000000,5110000000,919000000,4071000000,0.0,-431000000.0
766,2022-03-31,UNH,6950000000,6950000000,6517000000,1369000000,5027000000,0.0,-433000000.0
767,2022-06-30,UNH,7132000000,7132000000,6665000000,1466000000,5070000000,0.0,-467000000.0
768,2022-09-30,UNH,7462000000,7462000000,6946000000,1562000000,5262000000,0.0,-516000000.0
769,2022-12-31,UNH,6891000000,6891000000,6215000000,1307000000,4761000000,0.0,-676000000.0
770,2023-03-31,UNH,8086000000,8086000000,7332000000,1558000000,5611000000,0.0,-754000000.0
771,2023-06-30,UNH,8057000000,8057000000,7229000000,1572000000,5474000000,-828000000.0,-828000000.0
772,2023-09-30,UNH,8526000000,7529000000,7692000000,1654000000,5841000000,-834000000.0,-834000000.0
773,2023-12-31,UNH,7689000000,6510000000,6859000000,1184000000,5455000000,-830000000.0,-830000000.0
774,2024-03-31,UNH,7931000000,845000000,1000000,1222000000,-1409000000,-844000000.0,-844000000.0
775,2024-06-30,UNH,7875000000,6650000000,5665000000,1244000000,4216000000,-985000000.0,-985000000.0
776,2024-09-30,UNH,8708000000,8688000000,7614000000,1356000000,6055000000,-1074000000.0,-1074000000.0
777,2024-12-31,UNH,7773000000,3533000000,6791000000,1007000000,5543000000,-1003000000.0,-1003000000.0
778,2025-03-31,UNH,9119000000,9104000000,8106000000,1632000000,6292000000,-998000000.0,-998000000.0
